annotation,id,name,value2,value3,value,value4
Von dieser Sparkassen haben wir einen Preisaushang erhalten.,1,Hamburger Sparkasse AG,10.650,10.650,0.000,0.150
Von dieser Sparkassen haben wir einen Preisaushang erhalten.,2,Sparkasse KölnBonn,10.620,13.120,0.000,0.030
Von dieser Sparkassen haben wir einen Preisaushang erhalten.,3,Kreissparkasse Köln,10.810,10.810,0.000,0.050
Von dieser Sparkassen haben wir einen Preisaushang erhalten.,4,Frankfurter Sparkasse,11.340,13.840,0.000,0.050
Von dieser Sparkassen haben wir einen Preisaushang erhalten.,5,Stadtsparkasse München,10.890,10.890,0.000,0.010
Von dieser Sparkassen haben wir einen Preisaushang erhalten.,6,Sparkasse Hannover,11.380,11.380,0.000,0.050
Von dieser Sparkassen haben wir einen Preisaushang erhalten.,7,Ostsächsische Sparkasse Dresden,9.990,9.990,0.000,0.050
Von dieser Sparkassen haben wir einen Preisaushang erhalten.,8,Stadtsparkasse Düsseldorf,11.310,11.310,0.000,0.050
Von dieser Sparkassen haben wir einen Preisaushang erhalten.,9,Die Sparkasse Bremen AG,11.950,11.950,0.000,0.050
Von dieser Sparkassen haben wir einen Preisaushang erhalten.,10,Nassauische Sparkasse,11.090,11.090,0.000,0.050
Von dieser Sparkassen haben wir einen Preisaushang erhalten.,11,Sparkasse Pforzheim Calw,11.650,16.150,0.000,0.010
Von dieser Sparkassen haben wir einen Preisaushang erhalten.,12,Mittelbrandenburgische Sparkasse in Potsdam,10.920,15.420,0.000,0.010
Von dieser Sparkassen haben wir einen Preisaushang erhalten.,13,Sparkasse Nürnberg,10.280,10.280,0.000,0.010
Von dieser Sparkassen haben wir einen Preisaushang erhalten.,14,Sparkasse Aachen,11.500,13.000,0.000,0.010
Von dieser Sparkassen haben wir einen Preisaushang erhalten.,15,Kreissparkasse München Starnberg Ebersberg,10.488,10.488,0.000,0.010
Von dieser Sparkassen haben wir einen Preisaushang erhalten.,16,Kreissparkasse Ludwigsburg,8.750,8.750,0.000,0.010
Von dieser Sparkassen haben wir einen Preisaushang erhalten.,17,Stadt- und Kreissparkasse Leipzig,11.140,11.140,0.000,0.010
Von dieser Sparkassen haben wir einen Preisaushang erhalten.,18,Sparkasse Münsterland Ost,10.691,10.691,0.000,0.010
Von dieser Sparkassen haben wir einen Preisaushang erhalten.,19,Landessparkasse zu Oldenburg,10.650,10.650,0.000,0.010
Von dieser Sparkassen haben wir einen Preisaushang erhalten.,20,Kreissparkasse Esslingen-Nürtingen,10.750,10.750,0.000,0.050
Von dieser Sparkassen haben wir einen Preisaushang erhalten.,21,Sparkasse Krefeld,11.250,16.250,0.000,0.100
Von dieser Sparkassen haben wir einen Preisaushang erhalten.,22,Stadtsparkasse Dortmund,10.710,10.710,0.000,0.050
Von dieser Sparkassen haben wir einen Preisaushang erhalten.,23,Sparkasse Essen,11.560,11.560,0.000,0.050
Von dieser Sparkassen haben wir einen Preisaushang erhalten.,24,Kreissparkasse Heilbronn,8.868,8.868,0.000,0.000
Von dieser Sparkassen haben wir einen Preisaushang erhalten.,25,Kreissparkasse Böblingen,11.470,16.470,0.000,0.050
"Von dieser Sparkassen haben wir einen Preisaushang erhalten. Guthaben-Zinsen sind gestaffelt. Ab 1 Mio. Euro gelten 0,01 Prozent.",26,Sparkasse Mainfranken Würzburg,10.390,13.390,0.000,0.050
"Von dieser Sparkasse haben wir keinen Preisaushang erhalten. Die Angaben beziehen sich auf Antworten, die wir per E-Mail erhalten haben oder auf der Website der Sparkasse gefunden haben.",27,Kreissparkasse Waiblingen,11.000,16.000,0.000,0.000
Von dieser Sparkassen haben wir einen Preisaushang erhalten.,28,Sparkasse Karlsruhe Ettlingen,10.690,10.690,0.000,0.050
Von dieser Sparkassen haben wir einen Preisaushang erhalten.,29,Stadtsparkasse Wuppertal,10.810,10.810,0.000,0.050
Von dieser Sparkassen haben wir einen Preisaushang erhalten.,30,Sparkasse Heidelberg,8.700,8.700,0.000,0.050
Von dieser Sparkassen haben wir einen Preisaushang erhalten.,31,Sparkasse Paderborn-Detmold,11.230,11.230,0.000,0.050
Von dieser Sparkassen haben wir einen Preisaushang erhalten.,32,Sparkasse Saarbrücken,10.950,15.070,0.000,0.050
Von dieser Sparkassen haben wir einen Preisaushang erhalten.,33,Sparkasse Westmünsterland,10.489,10.489,0.000,0.050
Von dieser Sparkassen haben wir einen Preisaushang erhalten.,34,Förde Sparkasse,11.800,11.800,0.000,0.010
Von dieser Sparkassen haben wir einen Preisaushang erhalten.,35,Kreissparkasse Biberach,10.650,10.650,0.000,0.100
Von dieser Sparkassen haben wir einen Preisaushang erhalten.,36,Sparkasse Neuss,11.500,11.500,0.000,0.020
Von dieser Sparkassen haben wir einen Preisaushang erhalten.,37,Sparkasse Vorderpfalz,10.620,10.620,0.000,0.050
Von dieser Sparkassen haben wir einen Preisaushang erhalten.,38,Nord-Ostsee Sparkasse,11.480,11.480,0.000,0.025
Von dieser Sparkassen haben wir einen Preisaushang erhalten.,39,Sparkasse Bochum,11.550,16.050,0.000,0.250
Von dieser Sparkassen haben wir einen Preisaushang erhalten.,40,Sparkasse Vest Recklinghausen,11.440,13.940,0.000,0.050
Von dieser Sparkassen haben wir einen Preisaushang erhalten.,41,Sparkasse Osnabrück,10.900,10.900,0.000,0.050
Von dieser Sparkassen haben wir einen Preisaushang erhalten.,42,Sparkasse Bielefeld,11.500,11.500,0.000,0.010
Von dieser Sparkassen haben wir einen Preisaushang erhalten.,43,Sparkasse Duisburg,12.290,12.290,0.000,0.050
Von dieser Sparkassen haben wir einen Preisaushang erhalten.,44,Sparkasse Freiburg - Nördlicher Breisgau,11.250,11.250,0.000,0.010
Von dieser Sparkassen haben wir einen Preisaushang erhalten.,45,Sparkasse Holstein,5.710,8.210,0.000,0.010
Von dieser Sparkassen haben wir einen Preisaushang erhalten.,46,Sparkasse Ulm,10.470,10.470,0.000,0.500
Von dieser Sparkassen haben wir einen Preisaushang erhalten.,47,Stadtsparkasse Augsburg,10.675,14.675,0.000,0.010
Von dieser Sparkassen haben wir einen Preisaushang erhalten.,48,Sparkasse Südholstein,10.770,10.770,0.000,0.010
Von dieser Sparkassen haben wir einen Preisaushang erhalten.,49,Sparkasse Rhein Neckar Nord,10.670,10.670,0.000,0.020
Von dieser Sparkassen haben wir einen Preisaushang erhalten.,50,Kasseler Sparkasse,11.237,11.237,0.000,0.050
Von dieser Sparkassen haben wir einen Preisaushang erhalten.,51,Kreissparkasse Göppingen,9.690,9.690,0.000,0.050
Von dieser Sparkassen haben wir einen Preisaushang erhalten.,52,Kreissparkasse Tübingen,10.550,10.550,0.000,0.050
Von dieser Sparkassen haben wir einen Preisaushang erhalten.,53,Kreissparkasse Reutlingen,9.600,14.100,0.000,0.050
"Von dieser Sparkassen haben wir einen Preisaushang erhalten. Guthaben-Zinsen sind gestaffelt. Ab 1 Mio. Euro gelten 0,01 Prozent.",54,Sparkasse Oberhessen,11.290,11.290,0.000,0.050
Von dieser Sparkassen haben wir einen Preisaushang erhalten.,55,Kreissparkasse Ostalb,11.240,11.240,0.000,0.010
Von dieser Sparkassen haben wir einen Preisaushang erhalten.,56,Kreissparkasse Ravensburg,10.630,14.630,0.000,0.050
Von dieser Sparkassen haben wir einen Preisaushang erhalten.,57,Sparkasse Herford,11.050,11.050,0.000,0.050
Von dieser Sparkassen haben wir einen Preisaushang erhalten.,58,Stadtsparkasse Mönchengladbach,9.650,14.650,0.000,0.050
Von dieser Sparkassen haben wir einen Preisaushang erhalten.,59,Sparkasse Hanau,11.170,11.170,0.000,0.020
Von dieser Sparkassen haben wir einen Preisaushang erhalten.,60,Stadt- und Kreissparkasse Erlangen,11.160,16.160,0.000,0.010
Von dieser Sparkassen haben wir einen Preisaushang erhalten.,61,Taunus Sparkasse,11.290,11.290,0.000,0.100
Von dieser Sparkassen haben wir einen Preisaushang erhalten.,62,Sparkasse Rosenheim-Bad Aibling,11.600,11.600,0.000,0.010
Von dieser Sparkassen haben wir einen Preisaushang erhalten.,63,Stadt- und Kreissparkasse Darmstadt,10.500,10.500,0.000,0.050
Von dieser Sparkassen haben wir einen Preisaushang erhalten.,64,Erzgebirgssparkasse,11.170,11.170,0.000,0.010
Von dieser Sparkassen haben wir einen Preisaushang erhalten.,65,Sparkasse Hildesheim,10.820,10.820,0.000,0.010
Von dieser Sparkassen haben wir einen Preisaushang erhalten.,66,Sparkasse Allgäu,11.817,11.817,0.000,0.010
Von dieser Sparkassen haben wir einen Preisaushang erhalten.,67,Sparkasse Bodensee,9.300,9.300,0.000,0.050
Von dieser Sparkassen haben wir einen Preisaushang erhalten.,68,Sparkasse Koblenz,9.610,14.230,0.000,0.100
Von dieser Sparkassen haben wir einen Preisaushang erhalten.,70,Sparkasse Trier,9.250,9.250,0.000,0.010
Von dieser Sparkassen haben wir einen Preisaushang erhalten.,71,Sparkasse Aschaffenburg-Alzenau,10.630,10.630,0.000,0.050
Von dieser Sparkassen haben wir einen Preisaushang erhalten.,72,Sparkasse Regensburg,9.690,12.690,0.000,0.020
Von dieser Sparkassen haben wir einen Preisaushang erhalten.,73,Sparkasse Mittelthüringen,10.220,15.220,0.000,0.010
Von dieser Sparkassen haben wir einen Preisaushang erhalten.,74,Sparkasse Chemnitz,9.815,9.815,0.000,0.010
Von dieser Sparkassen haben wir einen Preisaushang erhalten.,75,Sparkasse Memmingen-Lindau-Mindelheim,11.400,15.900,0.000,0.010
Von dieser Sparkassen haben wir einen Preisaushang erhalten.,76,Sparkasse Kraichgau,11.500,11.500,0.000,0.010
Von dieser Sparkassen haben wir einen Preisaushang erhalten.,77,Kreissparkasse Kaiserslautern,12.470,17.470,0.000,0.020
Von dieser Sparkassen haben wir einen Preisaushang erhalten.,78,Saalesparkasse,9.300,9.300,0.000,0.100
Von dieser Sparkassen haben wir einen Preisaushang erhalten.,79,Sparkasse Ingolstadt,11.230,11.230,0.000,0.050
Von dieser Sparkassen haben wir einen Preisaushang erhalten.,80,Sparkasse Rhein-Haardt,10.410,10.410,0.000,0.150
Von dieser Sparkassen haben wir einen Preisaushang erhalten.,81,Sparkasse Rhein-Nahe,11.000,16.000,0.000,0.050
Von dieser Sparkassen haben wir einen Preisaushang erhalten.,82,Sparkasse Niederbayern-Mitte,10.270,15.270,0.000,0.010
Von dieser Sparkassen haben wir einen Preisaushang erhalten.,83,Sparkasse Fulda,11.300,11.300,0.000,0.050
Von dieser Sparkassen haben wir einen Preisaushang erhalten.,84,Sparkasse Bamberg,10.690,10.690,0.000,0.050
Von dieser Sparkassen haben wir einen Preisaushang erhalten.,86,Sparkasse Hochfranken,11.670,11.670,0.000,0.020
Von dieser Sparkassen haben wir einen Preisaushang erhalten.,87,Sparkasse Mittelfranken-Süd,9.600,9.600,0.000,0.010
Von dieser Sparkassen haben wir einen Preisaushang erhalten.,88,Sparkasse Harburg-Buxtehude,9.210,9.210,0.000,0.050
Von dieser Sparkassen haben wir einen Preisaushang erhalten.,89,Sparkasse Langen-Seligenstadt,12.380,12.380,0.000,0.010
Von dieser Sparkassen haben wir einen Preisaushang erhalten.,90,Sparkasse Landshut,9.500,14.500,0.000,0.010
Von dieser Sparkassen haben wir einen Preisaushang erhalten.,91,Sparkasse Schwarzwald-Baar,11.590,14.590,0.000,0.050
Von dieser Sparkassen haben wir einen Preisaushang erhalten.,92,Kreissparkasse Steinfurt,10.890,16.390,0.000,0.050
Von dieser Sparkassen haben wir einen Preisaushang erhalten.,93,Sparkasse Düren,10.670,10.670,0.000,0.020
Von dieser Sparkassen haben wir einen Preisaushang erhalten.,94,Sparkasse Marburg-Biedenkopf,8.330,12.330,0.000,0.050
Von dieser Sparkassen haben wir einen Preisaushang erhalten.,95,Sparkasse Fürstenfeldbruck,11.470,11.470,0.000,0.050
Von dieser Sparkassen haben wir einen Preisaushang erhalten.,97,Sparkasse Hilden Ratingen Velbert,10.600,10.600,0.000,0.010
Von dieser Sparkassen haben wir einen Preisaushang erhalten.,98,Sparkasse Gelsenkirchen,11.660,11.660,0.000,0.050
Von dieser Sparkassen haben wir einen Preisaushang erhalten.,99,Sparkasse Vorpommern,9.950,9.950,0.000,0.020
Von dieser Sparkassen haben wir einen Preisaushang erhalten.,100,Sparkasse Westholstein,11.370,16.870,0.000,0.050
Von dieser Sparkassen haben wir einen Preisaushang erhalten.,102,Sparkasse Emsland,10.500,10.500,0.000,0.050
Von dieser Sparkassen haben wir einen Preisaushang erhalten.,103,Sparkasse Leverkusen,12.410,12.410,0.000,0.025
Von dieser Sparkassen haben wir einen Preisaushang erhalten.,104,Sparkasse am Niederrhein,11.580,16.580,0.000,0.020
Von dieser Sparkassen haben wir einen Preisaushang erhalten.,105,Sparkasse Schwäbisch Hall Crailsheim,8.900,12.900,0.000,0.100
Von dieser Sparkassen haben wir einen Preisaushang erhalten.,106,Sparkasse Siegen,8.730,11.730,0.000,0.050
Von dieser Sparkassen haben wir einen Preisaushang erhalten.,107,Sparkasse Südliche Weinstraße,10.390,10.390,0.000,0.050
Von dieser Sparkassen haben wir einen Preisaushang erhalten.,108,Sparkasse Gifhorn-Wolfsburg,10.500,10.500,0.000,0.050
Von dieser Sparkassen haben wir einen Preisaushang erhalten.,109,Sparkasse Vogtland,11.630,11.630,0.000,0.020
Von dieser Sparkassen haben wir einen Preisaushang erhalten.,110,Kreissparkasse Mittelsachsen,12.330,18.330,0.000,0.010
Von dieser Sparkassen haben wir einen Preisaushang erhalten.,111,Kreissparkasse Heinsberg,11.900,11.900,0.000,0.050
Von dieser Sparkassen haben wir einen Preisaushang erhalten.,112,Kreissparkasse Tuttlingen,9.950,14.950,0.000,0.100
Von dieser Sparkassen haben wir einen Preisaushang erhalten.,113,OstseeSparkasse Rostock,9.450,9.450,0.000,0.020
Von dieser Sparkassen haben wir einen Preisaushang erhalten.,114,Sparkasse Fürth,10.900,15.900,0.000,0.025
Von dieser Sparkassen haben wir einen Preisaushang erhalten.,115,Sparkasse Oberlausitz-Niederschlesien,8.510,8.510,0.000,0.050
Von dieser Sparkassen haben wir einen Preisaushang erhalten.,116,Sparkasse Worms-Alzey-Ried,11.000,11.000,0.000,0.010
Von dieser Sparkassen haben wir einen Preisaushang erhalten.,118,Sparkasse Spree-Neiße,10.370,14.870,0.000,0.050
Von dieser Sparkassen haben wir einen Preisaushang erhalten.,119,Vereinigte Sparkassen Stadt- und Landkreis Ansbach,9.490,9.490,0.000,0.010
Von dieser Sparkassen haben wir einen Preisaushang erhalten.,120,Kreissparkasse Herzogtum Lauenburg,10.510,10.510,0.000,0.020
Von dieser Sparkassen haben wir einen Preisaushang erhalten.,121,Sparkasse Tauberfranken,11.200,16.200,0.000,0.010
Von dieser Sparkassen haben wir einen Preisaushang erhalten.,122,Sparkasse Göttingen,9.990,14.490,0.000,0.010
Von dieser Sparkassen haben wir einen Preisaushang erhalten.,123,Kreissparkasse Syke,10.850,16.350,0.000,0.050
Von dieser Sparkassen haben wir einen Preisaushang erhalten.,124,Kreissparkasse Groß-Gerau,11.520,16.520,0.000,0.050
Von dieser Sparkassen haben wir einen Preisaushang erhalten.,126,Sparkasse Hochrhein,9.790,9.790,0.000,0.050
Von dieser Sparkassen haben wir einen Preisaushang erhalten.,128,Sparkasse Zwickau,11.560,11.560,0.000,0.010
Von dieser Sparkassen haben wir einen Preisaushang erhalten.,129,Sparkasse Mittelmosel Eifel Mosel Hunsrück,10.170,10.170,0.000,0.020
Von dieser Sparkassen haben wir einen Preisaushang erhalten.,130,Sparkasse Mülheim an der Ruhr,12.037,17.037,0.000,0.020
Von dieser Sparkassen haben wir einen Preisaushang erhalten.,132,Kreissparkasse Düsseldorf,11.310,11.310,0.000,0.050
Von dieser Sparkassen haben wir einen Preisaushang erhalten.,133,Sparkasse Dachau,11.113,11.113,0.000,0.050
Von dieser Sparkassen haben wir einen Preisaushang erhalten.,134,Sparkasse Hagen,10.780,15.280,0.000,0.050
Von dieser Sparkassen haben wir einen Preisaushang erhalten.,135,Sparkasse Lüneburg,9.610,9.610,0.000,0.050
Von dieser Sparkassen haben wir einen Preisaushang erhalten.,136,Sparkasse Oder-Spree,10.470,15.470,0.000,0.010
Von dieser Sparkassen haben wir einen Preisaushang erhalten.,137,Stadtsparkasse Oberhausen,11.359,11.359,0.000,0.050
Von dieser Sparkassen haben wir einen Preisaushang erhalten.,138,Sparkasse Schaumburg,9.050,14.050,0.000,0.050
Von dieser Sparkassen haben wir einen Preisaushang erhalten.,139,Sparkasse LeerWittmund,10.800,10.800,0.000,0.010
Von dieser Sparkassen haben wir einen Preisaushang erhalten.,140,Sparkasse Meißen,9.590,9.590,0.000,0.020
Von dieser Sparkassen haben wir einen Preisaushang erhalten.,141,Kreissparkasse Verden,10.650,16.650,0.000,0.050
Von dieser Sparkassen haben wir einen Preisaushang erhalten.,142,Sparkasse Schweinfurt,8.500,11.500,0.000,0.070
Von dieser Sparkassen haben wir einen Preisaushang erhalten.,143,Sparkasse Celle,11.310,11.310,0.000,0.050
Von dieser Sparkassen haben wir einen Preisaushang erhalten.,144,Sparkasse Minden-Lübbecke,10.950,10.950,0.000,0.050
Von dieser Sparkassen haben wir einen Preisaushang erhalten.,145,Sparkasse Altötting-Mühldorf,11.600,11.600,0.000,0.010
Von dieser Sparkassen haben wir einen Preisaushang erhalten.,146,Sparkasse Coburg-Lichtenfels,9.460,9.460,0.000,0.050
Von dieser Sparkassen haben wir einen Preisaushang erhalten.,147,Sparkasse zu Lübeck AG,9.400,9.400,0.000,0.010
Von dieser Sparkassen haben wir einen Preisaushang erhalten.,148,Harzsparkasse,9.590,12.590,0.000,0.050
Von dieser Sparkassen haben wir einen Preisaushang erhalten.,149,Sparkasse Dieburg,11.724,11.724,0.000,0.020
Von dieser Sparkassen haben wir einen Preisaushang erhalten.,150,Salzlandsparkasse,11.330,11.330,0.000,0.010
Von dieser Sparkassen haben wir einen Preisaushang erhalten.,151,Stadt-Sparkasse Solingen,11.290,11.290,0.000,0.050
Von dieser Sparkassen haben wir einen Preisaushang erhalten.,152,Sparkasse Kulmbach-Kronach,9.950,9.950,0.000,0.050
Von dieser Sparkassen haben wir einen Preisaushang erhalten.,154,Sparkasse Lörrach-Rheinfelden,10.960,10.960,0.000,0.010
Von dieser Sparkassen haben wir einen Preisaushang erhalten.,155,Sparkasse Bayreuth,10.960,15.610,0.000,0.010
Von dieser Sparkassen haben wir einen Preisaushang erhalten.,156,Kreis- und Stadtsparkasse Unna-Kamen,11.240,11.240,0.000,0.050
Von dieser Sparkassen haben wir einen Preisaushang erhalten.,157,Stadtsparkasse Magdeburg,11.870,11.870,0.000,0.010
Von dieser Sparkassen haben wir einen Preisaushang erhalten.,158,Kreissparkasse Wiedenbrück,10.990,10.990,0.000,0.050
Von dieser Sparkassen haben wir einen Preisaushang erhalten.,159,Sparkasse Burgenlandkreis,9.770,9.770,0.000,0.010
Von dieser Sparkassen haben wir einen Preisaushang erhalten.,160,Sparkasse Wetzlar,10.850,13.600,0.000,0.020
Von dieser Sparkassen haben wir einen Preisaushang erhalten.,162,Sparkasse Neumarkt-Parsberg,9.780,9.780,0.000,0.010
Von dieser Sparkassen haben wir einen Preisaushang erhalten.,163,Weser-Elbe Sparkasse,10.860,11.990,0.000,0.010
Von dieser Sparkassen haben wir einen Preisaushang erhalten.,165,Sparkasse Mainz,12.220,12.220,0.000,0.020
Von dieser Sparkassen haben wir einen Preisaushang erhalten.,166,Sparkasse Bad Tölz-Wolfratshausen,11.073,13.073,0.000,0.020
Von dieser Sparkassen haben wir einen Preisaushang erhalten.,167,Sparkasse Südwestpfalz,10.080,10.080,0.000,0.050
Von dieser Sparkassen haben wir einen Preisaushang erhalten.,168,Sparkasse Gießen,9.750,14.750,0.000,0.020
Von dieser Sparkassen haben wir einen Preisaushang erhalten.,169,Sparkasse Neuwied,9.020,13.020,0.000,0.100
Von dieser Sparkassen haben wir einen Preisaushang erhalten.,170,Sparkasse Starkenburg,11.200,11.200,0.000,0.010
Von dieser Sparkassen haben wir einen Preisaushang erhalten.,172,Sparkasse Aurich-Norden,7.750,7.750,0.000,0.050
Von dieser Sparkassen haben wir einen Preisaushang erhalten.,173,Kreissparkasse Heidenheim,11.500,11.500,0.000,0.020
Von dieser Sparkassen haben wir einen Preisaushang erhalten.,174,Sparkasse Gera-Greiz,10.080,10.080,0.000,0.010
Von dieser Sparkassen haben wir einen Preisaushang erhalten.,175,Sparkasse Witten,11.970,17.470,0.000,0.100
Von dieser Sparkassen haben wir einen Preisaushang erhalten.,176,Sparkasse Uelzen Lüchow-Dannenberg,11.650,17.150,0.000,0.050
Von dieser Sparkassen haben wir einen Preisaushang erhalten.,178,Sparkasse Amberg-Sulzbach,11.546,11.546,0.000,0.050
Von dieser Sparkassen haben wir einen Preisaushang erhalten.,179,Sparkasse im Landkreis Schwandorf,10.370,15.370,0.000,0.010
Von dieser Sparkassen haben wir einen Preisaushang erhalten.,180,Kreissparkasse Traunstein-Trostberg,11.630,16.630,0.000,0.030
Von dieser Sparkassen haben wir einen Preisaushang erhalten.,181,Sparkasse Neu-Ulm - Illertissen,10.280,15.280,0.000,0.050
Von dieser Sparkassen haben wir einen Preisaushang erhalten.,182,Sparkasse Baden-Baden Gaggenau,10.590,10.590,0.000,0.100
"Von dieser Sparkasse haben wir keinen Preisaushang erhalten. Die Angaben beziehen sich auf Antworten, die wir per E-Mail erhalten haben oder auf der Website der Sparkasse gefunden haben.",183,Sparkasse Deggendorf,9.850,9.850,0.000,0.020
Von dieser Sparkassen haben wir einen Preisaushang erhalten.,184,Sparkasse Mecklenburg-Schwerin,11.530,16.530,0.000,0.050
Von dieser Sparkassen haben wir einen Preisaushang erhalten.,185,Sparkasse Lüdenscheid,9.860,15.360,0.000,0.050
Von dieser Sparkassen haben wir einen Preisaushang erhalten.,186,Kreis- und Stadtsparkasse Erding - Dorfen,9.640,9.640,0.000,0.150
Von dieser Sparkassen haben wir einen Preisaushang erhalten.,187,Sparkasse Bensheim,11.400,16.400,0.000,0.050
"Von dieser Sparkassen haben wir einen Preisaushang erhalten. Guthaben-Zinsen sind gestaffelt. Ab 1 Mio. Euro gelten 0,01 Prozent.",188,Sparkasse Miltenberg-Obernburg,10.690,10.690,0.000,0.050
Von dieser Sparkassen haben wir einen Preisaushang erhalten.,189,Sparkasse Gütersloh,10.690,10.690,0.000,0.050
Von dieser Sparkassen haben wir einen Preisaushang erhalten.,192,Sparkasse Jena-Saale-Holzland,6.850,6.850,0.000,0.010
Von dieser Sparkassen haben wir einen Preisaushang erhalten.,193,Kreissparkasse Kelheim,10.450,10.450,0.000,0.050
Von dieser Sparkassen haben wir einen Preisaushang erhalten.,194,Kreissparkasse Kusel,10.490,15.490,0.000,0.050
Von dieser Sparkassen haben wir einen Preisaushang erhalten.,195,Kreissparkasse Freudenstadt,9.600,12.600,0.000,0.020
Von dieser Sparkassen haben wir einen Preisaushang erhalten.,196,Sparkasse Mittelholstein AG,12.040,12.040,0.000,0.010
Von dieser Sparkassen haben wir einen Preisaushang erhalten.,197,Herner Sparkasse,11.800,16.800,0.000,0.050
Von dieser Sparkassen haben wir einen Preisaushang erhalten.,198,Kreissparkasse Anhalt-Bitterfeld,10.840,10.840,0.000,0.050
Von dieser Sparkassen haben wir einen Preisaushang erhalten.,200,Kreissparkasse Euskirchen,12.200,15.200,0.000,0.010
Von dieser Sparkassen haben wir einen Preisaushang erhalten.,201,Sparkasse Germersheim-Kandel,10.360,15.360,0.000,0.050
Von dieser Sparkassen haben wir einen Preisaushang erhalten.,202,Sparkasse Werra-Meißner,10.500,15.500,0.000,0.010
Von dieser Sparkassen haben wir einen Preisaushang erhalten.,203,Sparkasse Stade - Altes Land,9.400,9.400,0.000,0.050
Von dieser Sparkassen haben wir einen Preisaushang erhalten.,204,Sparkasse Landsberg-Dießen,10.680,14.180,0.000,0.010
Von dieser Sparkassen haben wir einen Preisaushang erhalten.,205,Sparkasse Rottal-Inn,12.550,12.550,0.000,0.010
Von dieser Sparkassen haben wir einen Preisaushang erhalten.,206,Kreissparkasse Ahrweiler,11.360,11.360,0.000,0.050
Von dieser Sparkassen haben wir einen Preisaushang erhalten.,207,Sparkasse Hamm,11.100,15.850,0.000,0.010
Von dieser Sparkassen haben wir einen Preisaushang erhalten.,208,Kreissparkasse Miesbach-Tegernsee,9.960,9.960,0.000,0.030
Von dieser Sparkassen haben wir einen Preisaushang erhalten.,209,Sparkasse Elbe-Elster,8.500,9.900,0.000,0.010
Von dieser Sparkassen haben wir einen Preisaushang erhalten.,210,Sparkasse Günzburg-Krumbach,11.281,11.281,0.000,0.010
Von dieser Sparkassen haben wir einen Preisaushang erhalten.,211,Sparkasse Nienburg,9.650,14.400,0.000,0.050
Von dieser Sparkassen haben wir einen Preisaushang erhalten.,212,Kreissparkasse Mayen,10.870,14.870,0.000,0.010
Von dieser Sparkassen haben wir einen Preisaushang erhalten.,213,Kreissparkasse Grafschaft Bentheim zu Nordhorn,9.550,14.550,0.000,0.050
Von dieser Sparkassen haben wir einen Preisaushang erhalten.,214,Kreissparkasse Saarpfalz,7.600,7.600,0.000,0.050
Von dieser Sparkassen haben wir einen Preisaushang erhalten.,216,Rhön-Rennsteig-Sparkasse,10.210,15.210,0.000,0.050
Von dieser Sparkassen haben wir einen Preisaushang erhalten.,217,Sparkasse Forchheim,10.680,10.680,0.000,0.050
Von dieser Sparkassen haben wir einen Preisaushang erhalten.,219,Hohenzollerische LdBk KSK Sigmaringen,9.850,14.850,0.000,0.050
Von dieser Sparkasse haben wir einen Preisaushang erhalten.,220,Sparkasse Merzig-Wadern,11.050,15.550,0.000,0.050
Von dieser Sparkassen haben wir einen Preisaushang erhalten.,222,Vereinigte Sparkasse im Märkischen Kreis,11.000,16.000,0.000,0.050
Von dieser Sparkassen haben wir einen Preisaushang erhalten.,224,Sparkasse Rastatt-Gernsbach,12.420,17.420,0.000,0.010
Von dieser Sparkassen haben wir einen Preisaushang erhalten.,225,Vereinigte Sparkassen im Landkreis Weilheim,9.780,15.030,0.000,0.020
Von dieser Sparkassen haben wir einen Preisaushang erhalten.,226,Kreissparkasse Grafschaft Diepholz,10.850,16.350,0.000,0.050
Von dieser Sparkassen haben wir einen Preisaushang erhalten.,227,Kreissparkasse Börde,10.700,10.700,0.000,0.050
Von dieser Sparkassen haben wir einen Preisaushang erhalten.,228,Sparkasse Hanauerland,9.750,9.750,0.000,0.010
Von dieser Sparkassen haben wir einen Preisaushang erhalten.,229,Sparkasse der Stadt Iserlohn,10.450,10.450,0.000,0.050
Von dieser Sparkassen haben wir einen Preisaushang erhalten.,230,Kreissparkasse Bautzen,9.900,9.900,0.000,0.010
Von dieser Sparkassen haben wir einen Preisaushang erhalten.,231,Wartburg-Sparkasse,11.750,11.750,0.000,0.010
Von dieser Sparkassen haben wir einen Preisaushang erhalten.,232,Sparkasse Odenwaldkreis,11.900,11.900,0.000,0.050
Von dieser Sparkassen haben wir einen Preisaushang erhalten.,233,Sparkasse Berchtesgadener Land,11.711,16.711,0.000,0.050
Von dieser Sparkassen haben wir einen Preisaushang erhalten.,234,Kreissparkasse Stade,9.250,14.250,0.000,0.050
Von dieser Sparkassen haben wir einen Preisaushang erhalten.,235,Kreissparkasse Peine,11.130,11.130,0.000,0.100
Von dieser Sparkassen haben wir einen Preisaushang erhalten.,237,Sparkasse Neunkirchen,10.350,10.350,0.000,0.050
Von dieser Sparkassen haben wir einen Preisaushang erhalten.,238,Sparkasse Barnim,9.650,9.650,0.000,0.020
Von dieser Sparkassen haben wir einen Preisaushang erhalten.,239,Sparkasse Märkisch-Oderland,10.890,15.890,0.000,0.010
Von dieser Sparkassen haben wir einen Preisaushang erhalten.,240,Sparkasse Höxter,11.630,17.130,0.000,0.050
Von dieser Sparkassen haben wir einen Preisaushang erhalten.,242,Kreissparkasse Rhein-Hunsrück,10.380,15.380,0.000,0.025
Von dieser Sparkassen haben wir einen Preisaushang erhalten.,243,Sparkasse Niederlausitz mit Sitz in Senftenberg,9.190,9.190,0.000,0.050
Von dieser Sparkassen haben wir einen Preisaushang erhalten.,245,Städtische Sparkasse Offenbach am Main,11.500,11.500,0.000,0.100
Von dieser Sparkassen haben wir einen Preisaushang erhalten.,246,Stadtsparkasse Remscheid,10.700,15.700,0.000,0.150
Von dieser Sparkassen haben wir einen Preisaushang erhalten.,247,Kreissparkasse Limburg,11.550,11.550,0.000,0.100
Von dieser Sparkassen haben wir einen Preisaushang erhalten.,248,Sparkasse Goslar/Harz,9.750,13.750,0.000,0.100
Von dieser Sparkassen haben wir einen Preisaushang erhalten.,249,Sparkasse Oberpfalz Nord,11.460,11.460,0.000,0.010
"Von dieser Sparkassen haben wir einen Preisaushang erhalten. Zinssatz auf Sparenlagen mit 3-monatiger Kündigungsfrist unter 5.000€ nur 0,01%",250,Sparkasse Bad Kissingen,11.500,14.500,0.000,0.050
Von dieser Sparkassen haben wir einen Preisaushang erhalten.,251,Kreissparkasse Halle,10.300,10.300,0.000,0.010
Von dieser Sparkassen haben wir einen Preisaushang erhalten.,252,Stadt-Sparkasse Langenfeld,11.810,11.810,0.000,0.050
Von dieser Sparkassen haben wir einen Preisaushang erhalten.,253,Kreis- und Stadtsparkasse Kaufbeuren,11.490,,0.000,
Von dieser Sparkassen haben wir einen Preisaushang erhalten.,255,Kreissparkasse Bersenbrück,9.800,14.800,0.000,0.010
Von dieser Sparkassen haben wir einen Preisaushang erhalten.,256,Sparkasse Lippstadt,10.650,10.650,0.000,0.050
Von dieser Sparkassen haben wir einen Preisaushang erhalten.,257,Kreissparkasse Bitburg-Prüm,9.950,9.950,0.000,0.100
Von dieser Sparkassen haben wir einen Preisaushang erhalten.,258,Kreissparkasse Osterholz,11.070,11.070,0.000,0.010
Von dieser Sparkassen haben wir einen Preisaushang erhalten.,259,Sparkasse Freising,10.800,10.800,0.000,0.100
Von dieser Sparkassen haben wir einen Preisaushang erhalten.,262,Stadtsparkasse Rheine,11.000,15.000,0.000,0.050
Von dieser Sparkassen haben wir einen Preisaushang erhalten.,263,Kreissparkasse Birkenfeld,10.590,15.590,0.000,0.050
Von dieser Sparkassen haben wir einen Preisaushang erhalten.,264,Sparkasse Mansfeld-Südharz,8.260,8.260,0.000,0.050
Von dieser Sparkassen haben wir einen Preisaushang erhalten.,266,Sparkasse Dillenburg,11.500,16.500,0.000,0.020
Von dieser Sparkassen haben wir einen Preisaushang erhalten.,267,Sparkasse Aichach-Schrobenhausen,11.500,11.500,0.000,0.010
Von dieser Sparkassen haben wir einen Preisaushang erhalten.,268,Sparkasse Kleve,11.300,11.300,0.000,0.050
Von dieser Sparkassen haben wir einen Preisaushang erhalten.,269,Sparkasse Regen-Viechtach,11.030,16.030,0.000,0.050
Von dieser Sparkassen haben wir einen Preisaushang erhalten.,270,Kreissparkasse Stendal,10.980,15.980,0.000,0.010
Von dieser Sparkassen haben wir einen Preisaushang erhalten.,271,Sparkasse Attendorn-Lennestadt-Kirchhundem,11.300,14.300,0.000,0.050
Von dieser Sparkassen haben wir einen Preisaushang erhalten.,272,Sparkasse Gummersbach-Bergneustadt,11.000,16.500,0.000,0.030
Von dieser Sparkassen haben wir einen Preisaushang erhalten.,273,Sparkasse Staufen-Breisach,12.500,18.000,0.000,0.010
Von dieser Sparkassen haben wir einen Preisaushang erhalten.,274,Sparkasse Märkisches Sauerland Hemer-Menden,11.690,11.690,0.000,0.025
Von dieser Sparkassen haben wir einen Preisaushang erhalten.,275,Kreis- und Stadtsparkasse Dillingen,11.330,11.330,0.000,0.010
Von dieser Sparkassen haben wir einen Preisaushang erhalten.,276,Sparkasse Neubrandenburg-Demmin,10.200,10.200,0.000,0.020
Von dieser Sparkassen haben wir einen Preisaushang erhalten.,277,Kreissparkasse Gelnhausen,11.950,11.950,0.000,0.050
Von dieser Sparkassen haben wir einen Preisaushang erhalten.,278,Kreissparkasse Northeim,11.390,16.690,0.000,0.020
Von dieser Sparkassen haben wir einen Preisaushang erhalten.,279,Stadtsparkasse Bottrop,9.990,14.990,0.000,0.100
"Von dieser Sparkasse haben wir keinen Preisaushang erhalten. Die Angaben beziehen sich auf Antworten, die wir per E-Mail erhalten haben oder auf der Website der Sparkasse gefunden haben.",280,Sparkasse Arnsberg-Sundern,11.340,11.340,0.000,k.A.
Von dieser Sparkassen haben wir einen Preisaushang erhalten.,281,Sparkasse Hochsauerland,10.450,10.450,0.000,0.050
Von dieser Sparkassen haben wir einen Preisaushang erhalten.,282,Kreissparkasse Melle,9.910,9.910,0.000,0.050
Von dieser Sparkassen haben wir einen Preisaushang erhalten.,283,Sparkasse Ostunterfranken,10.650,10.650,0.000,0.015
Von dieser Sparkassen haben wir einen Preisaushang erhalten.,284,Kreissparkasse Saalfeld-Rudolstadt,9.990,9.990,0.000,0.010
Von dieser Sparkassen haben wir einen Preisaushang erhalten.,285,Sparkasse Bad Neustadt a.d. Saale,10.200,14.200,0.000,0.030
Von dieser Sparkassen haben wir einen Preisaushang erhalten.,286,Sparkasse Pfaffenhofen,9.820,9.820,0.000,0.050
Von dieser Sparkassen haben wir einen Preisaushang erhalten.,287,Kreissparkasse Eichsfeld,12.140,14.140,0.000,0.010
Von dieser Sparkassen haben wir einen Preisaushang erhalten.,288,Kreissparkasse Garmisch-Partenkirchen,10.438,12.438,0.000,0.010
Von dieser Sparkassen haben wir einen Preisaushang erhalten.,289,Sparkasse Arnstadt-Ilmenau,12.490,12.490,0.000,0.010
Von dieser Sparkassen haben wir einen Preisaushang erhalten.,290,Sparkasse Mecklenburg-Nordwest,8.390,8.390,0.000,0.020
Von dieser Sparkassen haben wir einen Preisaushang erhalten.,291,Sparkasse Unstrut-Hainich,11.670,14.170,0.000,0.050
Von dieser Sparkassen haben wir einen Preisaushang erhalten.,292,Kreissparkasse Gotha,8.490,8.490,0.000,0.010
Von dieser Sparkassen haben wir einen Preisaushang erhalten.,293,Kreissparkasse St. Wendel,11.030,15.780,0.000,0.050
Von dieser Sparkassen haben wir einen Preisaushang erhalten.,294,Stadtsparkasse Bocholt,9.550,9.550,0.000,0.100
Von dieser Sparkassen haben wir einen Preisaushang erhalten.,295,Kreissparkasse Soltau,10.050,10.050,0.000,0.050
Von dieser Sparkassen haben wir einen Preisaushang erhalten.,296,Kreissparkasse Nordhausen,12.200,17.200,0.000,0.050
Von dieser Sparkassen haben wir einen Preisaushang erhalten.,298,Sparkasse Eichstätt,12.150,12.150,0.000,0.010
Von dieser Sparkassen haben wir einen Preisaushang erhalten.,299,Stadtsparkasse Kaiserslautern,11.650,16.650,0.000,0.020
Von dieser Sparkassen haben wir einen Preisaushang erhalten.,301,Kreissparkasse Walsrode,10.150,10.150,0.000,0.001
Von dieser Sparkassen haben wir einen Preisaushang erhalten.,302,Sparkasse Altenburger Land,11.430,11.430,0.000,0.010
Von dieser Sparkassen haben wir einen Preisaushang erhalten.,303,Sparkasse Ostprignitz-Ruppin,10.540,10.540,0.000,0.050
Von dieser Sparkassen haben wir einen Preisaushang erhalten.,305,Kreissparkasse Weilburg,12.640,12.640,0.000,0.010
Von dieser Sparkassen haben wir einen Preisaushang erhalten.,306,Kreis- und Stadtsparkasse Wasserburg am Inn,11.770,16.770,0.000,0.050
Von dieser Sparkassen haben wir einen Preisaushang erhalten.,307,Sparkasse Wilhelmshaven,11.920,11.920,0.000,0.020
Von dieser Sparkassen haben wir einen Preisaushang erhalten.,308,Sparkasse Altmark West,11.580,11.580,0.000,0.010
Von dieser Sparkassen haben wir einen Preisaushang erhalten.,309,Sparkasse Hattingen,11.000,15.500,0.000,0.015
Von dieser Sparkassen haben wir einen Preisaushang erhalten.,312,Stadtsparkasse Cuxhaven,10.680,10.680,0.000,0.050
Von dieser Sparkassen haben wir einen Preisaushang erhalten.,313,Sparkasse Wittgenstein,10.710,13.960,0.000,0.010
"Von dieser Sparkasse haben wir keinen Preisaushang erhalten. Die Angaben beziehen sich auf Antworten, die wir per E-Mail erhalten haben oder auf der Website der Sparkasse gefunden haben.",315,Sparkasse Olpe-Drolshagen-Wenden,11.250,14.250,0.000,0.050
Von dieser Sparkassen haben wir einen Preisaushang erhalten.,316,Sparkasse Neuburg-Rain,11.600,16.600,0.000,0.010
Von dieser Sparkassen haben wir einen Preisaushang erhalten.,317,Sparkasse Muldental,9.990,9.990,0.000,0.010
Von dieser Sparkassen haben wir einen Preisaushang erhalten.,318,Sparkasse Uckermark,8.890,8.890,0.000,0.010
Von dieser Sparkassen haben wir einen Preisaushang erhalten.,319,Sparkasse Bühl,9.900,9.900,0.000,0.050
Von dieser Sparkassen haben wir einen Preisaushang erhalten.,320,Kreissparkasse Saale-Orla,11.380,11.380,0.000,0.010
Von dieser Sparkassen haben wir einen Preisaushang erhalten.,321,Kyffhäusersparkasse Artern-Sondershausen,11.230,11.230,0.000,0.050
Von dieser Sparkassen haben wir einen Preisaushang erhalten.,322,Sparkasse Elmshorn,11.080,11.080,0.000,0.050
Von dieser Sparkassen haben wir einen Preisaushang erhalten.,323,Stadtsparkasse Emmerich-Rees,11.250,15.750,0.000,0.100
Von dieser Sparkassen haben wir einen Preisaushang erhalten.,324,Sparkasse Osterode am Harz,11.220,15.720,0.000,0.010
Von dieser Sparkassen haben wir einen Preisaushang erhalten.,325,Kreissparkasse Döbeln,11.620,11.620,0.000,0.010
Von dieser Sparkassen haben wir einen Preisaushang erhalten.,327,Verbundsparkasse Emsdetten-Ochtrup,12.210,17.210,0.000,0.050
Von dieser Sparkassen haben wir einen Preisaushang erhalten.,328,Kreissparkasse Höchstadt/Aisch,9.650,9.650,0.000,0.010
Von dieser Sparkassen haben wir einen Preisaushang erhalten.,329,Sparkasse Beckum-Wadersloh,10.200,15.200,0.000,0.050
Von dieser Sparkassen haben wir einen Preisaushang erhalten.,330,Sparkasse Jerichower Land,10.950,10.950,0.000,0.010
Von dieser Sparkassen haben wir einen Preisaushang erhalten.,331,Sparkasse der Homburgischen Gemeinden,11.190,11.190,0.000,0.050
"Von dieser Sparkasse haben wir keinen Preisaushang erhalten. Die Angaben beziehen sich auf Antworten, die wir per E-Mail erhalten haben oder auf der Website der Sparkasse gefunden haben.",334,Sparkasse Schopfheim-Zell,11.800,14.550,0.000,0.050
Von dieser Sparkassen haben wir einen Preisaushang erhalten.,335,Stadtsparkasse Gladbeck,9.830,9.830,0.000,0.050
Von dieser Sparkassen haben wir einen Preisaushang erhalten.,336,Kreissparkasse Schongau,11.530,16.530,0.000,0.020
Von dieser Sparkassen haben wir einen Preisaushang erhalten.,337,Stadtsparkasse Dessau,10.900,10.900,0.000,0.010
Von dieser Sparkassen haben wir einen Preisaushang erhalten.,338,Bordesholmer Sparkasse AG,10.940,10.940,0.000,0.010
Von dieser Sparkassen haben wir einen Preisaushang erhalten.,339,Stadtsparkasse Bad Oeynhausen,11.000,11.000,0.000,0.050
Von dieser Sparkassen haben wir einen Preisaushang erhalten.,340,Vereinigte Sparkassen Gunzenhausen,9.500,9.500,0.000,0.010
Von dieser Sparkassen haben wir einen Preisaushang erhalten.,344,Sparkasse Prignitz,10.570,14.570,0.000,0.010
Von dieser Sparkassen haben wir einen Preisaushang erhalten.,345,Sparkasse Ennepetal-Breckerfeld,10.430,10.430,0.000,0.050
Von dieser Sparkassen haben wir einen Preisaushang erhalten.,346,Stadt-Sparkasse Haan,11.900,16.900,0.000,0.010
Von dieser Sparkassen haben wir einen Preisaushang erhalten.,347,Sparkasse Kierspe-Meinerzhagen,11.970,11.970,0.000,0.030
Von dieser Sparkassen haben wir einen Preisaushang erhalten.,348,Stadtsparkasse Schwerte,11.590,11.590,0.000,0.050
Von dieser Sparkassen haben wir einen Preisaushang erhalten.,349,Sparkasse Hennstedt-Wesselburen,10.190,15.690,0.000,0.010
Von dieser Sparkassen haben wir einen Preisaushang erhalten.,350,Sparkasse Duderstadt,9.420,9.420,0.000,0.050
Von dieser Sparkassen haben wir einen Preisaushang erhalten.,351,Müritz-Sparkasse,11.010,15.510,0.000,0.100
Von dieser Sparkassen haben wir einen Preisaushang erhalten.,353,Sparkasse Parchim-Lübz,11.650,11.650,0.000,0.010
Von dieser Sparkassen haben wir einen Preisaushang erhalten.,354,Stadtsparkasse Wermelskirchen,11.750,11.750,0.000,0.015
Von dieser Sparkassen haben wir einen Preisaushang erhalten.,355,Sparkasse Sonneberg,10.270,10.270,0.000,0.050
Von dieser Sparkassen haben wir einen Preisaushang erhalten.,356,Sparkasse Emden,10.900,10.900,0.000,0.050
Von dieser Sparkassen haben wir einen Preisaushang erhalten.,357,Sparkasse Uecker-Randow,9.330,13.330,0.000,0.010
Von dieser Sparkassen haben wir einen Preisaushang erhalten.,358,Sparkasse Meschede,10.900,14.900,0.000,0.050
Von dieser Sparkassen haben wir einen Preisaushang erhalten.,359,Stadt- und Kreissparkasse Moosburg,10.160,15.160,0.000,0.020
Von dieser Sparkassen haben wir einen Preisaushang erhalten.,361,Sparkasse Radevormwald-Hückeswagen,12.220,12.220,0.000,0.050
Von dieser Sparkassen haben wir einen Preisaushang erhalten.,363,Städtische Sparkasse zu Schwelm,11.050,11.050,0.000,0.050
Von dieser Sparkassen haben wir einen Preisaushang erhalten.,365,Verbandssparkasse Goch-Kevelaer-Weeze,10.999,10.999,0.000,0.050
Von dieser Sparkassen haben wir einen Preisaushang erhalten.,366,Sparkasse Rothenburg,12.453,12.453,0.000,0.005
Von dieser Sparkassen haben wir einen Preisaushang erhalten.,367,Sparkasse Mecklenburg-Strelitz,12.350,12.350,0.000,0.020
Von dieser Sparkassen haben wir einen Preisaushang erhalten.,368,Sparkasse Burbach-Neunkirchen,10.350,10.350,0.000,0.050
Von dieser Sparkassen haben wir einen Preisaushang erhalten.,369,Stadtsparkasse Wetter,10.950,10.950,0.000,0.100
Von dieser Sparkassen haben wir einen Preisaushang erhalten.,370,Kreissparkasse Hildburghausen,12.500,12.500,0.000,0.050
Von dieser Sparkassen haben wir einen Preisaushang erhalten.,371,Sparkasse Einbeck,11.750,16.750,0.000,0.010
Von dieser Sparkassen haben wir einen Preisaushang erhalten.,372,Stadtsparkasse Bad Honnef,11.200,16.450,0.000,0.020
Von dieser Sparkassen haben wir einen Preisaushang erhalten.,373,Stadtsparkasse Bad Pyrmont,11.090,15.590,0.000,0.050
Von dieser Sparkassen haben wir einen Preisaushang erhalten.,374,Stadtsparkasse Wedel,10.690,16.690,0.000,0.010
Von dieser Sparkassen haben wir einen Preisaushang erhalten.,375,Kreissparkasse Schlüchtern,11.300,17.300,0.000,0.010
Von dieser Sparkassen haben wir einen Preisaushang erhalten.,380,Stadtsparkasse Porta Westfalica,9.950,16.450,0.000,0.010
Von dieser Sparkassen haben wir einen Preisaushang erhalten.,381,Stadtsparkasse Wunstorf,10.900,10.900,0.000,0.010
Von dieser Sparkassen haben wir einen Preisaushang erhalten.,383,Sparkasse Nördlingen,9.935,14.435,0.000,0.050
Von dieser Sparkassen haben wir einen Preisaushang erhalten.,384,Stadtsparkasse Sprockhövel,11.770,11.770,0.000,0.100
Von dieser Sparkassen haben wir einen Preisaushang erhalten.,386,Sparkasse Rietberg,10.390,15.890,0.000,0.050
Von dieser Sparkassen haben wir einen Preisaushang erhalten.,387,Stadtsparkasse Rahden,11.750,11.750,0.000,0.050
Von dieser Sparkassen haben wir einen Preisaushang erhalten.,388,Stadtsparkasse Burgdorf,11.400,16.400,0.000,0.050
Von dieser Sparkassen haben wir einen Preisaushang erhalten.,389,Stadtsparkasse Herdecke,12.200,16.700,0.000,0.100
"Von dieser Sparkasse haben wir keinen Preisaushang erhalten. Die Angaben beziehen sich auf Antworten, die wir per E-Mail erhalten haben oder auf der Website der Sparkasse gefunden haben.",390,Stadtsparkasse Schmallenberg,10.050,15.800,0.000,0.020
"Von dieser Sparkasse haben wir keinen Preisaushang erhalten. Die Angaben beziehen sich auf Antworten, die wir per E-Mail erhalten haben oder auf der Website der Sparkasse gefunden haben.",391,Stadtsparkasse Völklingen,11.400,14.900,0.000,0.050
Von dieser Sparkassen haben wir einen Preisaushang erhalten.,392,Sparkasse Münden,11.890,11.890,0.000,0.010
Von dieser Sparkassen haben wir einen Preisaushang erhalten.,394,Sparkasse Erwitte-Anröchte,11.290,16.790,0.000,0.050
Von dieser Sparkassen haben wir einen Preisaushang erhalten.,396,Sparkasse der Stadt Straelen,10.680,10.680,0.000,0.010
Von dieser Sparkassen haben wir einen Preisaushang erhalten.,398,Stadtsparkasse Barsinghausen,11.550,16.550,0.000,0.050
Von dieser Sparkassen haben wir einen Preisaushang erhalten.,399,Stadtsparkasse Versmold,11.000,16.500,0.000,0.050
Von dieser Sparkassen haben wir einen Preisaushang erhalten.,402,Stadtsparkasse Delbrück,11.500,11.500,0.000,0.050
Von dieser Sparkassen haben wir einen Preisaushang erhalten.,405,Stadtsparkasse Haltern am See,11.950,11.950,0.000,0.010
Von dieser Sparkassen haben wir einen Preisaushang erhalten.,406,Sparkasse Finnentrop,12.010,12.010,0.000,0.050
Von dieser Sparkassen haben wir einen Preisaushang erhalten.,407,Sparkasse Geseke,11.800,11.800,0.000,0.050
Von dieser Sparkassen haben wir einen Preisaushang erhalten.,410,Sparkasse Fröndenberg,10.600,15.850,0.000,0.015
Von dieser Sparkassen haben wir einen Preisaushang erhalten.,413,Sparkasse Battenberg,11.280,16.280,0.000,0.050
Von dieser Sparkassen haben wir einen Preisaushang erhalten.,416,Stadtsparkasse Bad Sachsa,11.600,11.600,0.000,0.050
Von dieser Sparkassen haben wir einen Preisaushang erhalten.,500,Kreissparkasse Westerwald-Sieg,10.750,15.250,0.000,0.050
Von dieser Sparkassen haben wir einen Preisaushang erhalten.,501,Sparkasse an der Lippe,11.750,11.750,0.000,0.050
Von dieser Sparkassen haben wir einen Preisaushang erhalten.,502,Niederrheinische Sparkasse RheinLippe,10.830,15.830,0.000,0.050
Von dieser Sparkassen haben wir einen Preisaushang erhalten.,503,Sparkasse Hegau-Bodensee ,9.750,9.750,0.000,0.050
Die Guthaben-Zinsen gelten ab einem Guthaben von 2.000 Euro. Den Preisaushang haben wir erhalten.,131,Sparkasse Passau,10.950,16.450,0.010,0.010
"Von dieser Sparkasse haben wir keinen Preisaushang erhalten. Die Angaben beziehen sich auf Antworten, die wir per E-Mail erhalten haben oder auf der Website der Sparkasse gefunden haben.",241,Sparkasse im Landkreis Cham,10.050,14.050,0.010,0.010
"Von dieser Sparkasse haben wir keinen Preisaushang erhalten. Die Angaben beziehen sich auf Antworten, die wir per E-Mail erhalten haben oder auf der Website der Sparkasse gefunden haben.",400,Stadtsparkasse Blomberg/Lippe,11.380,16.880,0.010,0.010
"Von dieser Sparkasse haben wir keinen Preisaushang erhalten. Die Angaben beziehen sich auf Antworten, die wir per E-Mail erhalten haben oder auf der Website der Sparkasse gefunden haben.",397,Sparkasse Grünberg,9.260,15.260,0.030,0.050
Die Guthaben-Zinsen gelten bis zu einem Guthaben von 250.000 Euro. Den Preisaushang haben wir erhalten.,117,Sparkasse Lemgo,10.700,13.700,0.000,0.050
"Von dieser Sparkasse haben wir keinen Preisaushang erhalten. Die Angaben beziehen sich auf Antworten, die wir per E-Mail erhalten haben oder auf der Website der Sparkasse gefunden haben.",393,Sparkasse St. Blasien,9.300,14.800,0.050,0.050
"Von dieser Sparkasse haben wir keinen Preisaushang erhalten. Die Angaben beziehen sich auf Antworten, die wir per E-Mail erhalten haben oder auf der Website der Sparkasse gefunden haben.",401,Stadtsparkasse Hilchenbach,11.130,15.130,0.050,0.050
,419,Berliner Sparkasse,10.500,10.500,0.050,0.050
Die Guthaben-Verzinsung gilt erst ab 1.000 Euro im Modell „Tagesgeld Online.“ Von dieser Sparkassen haben wir einen Preisaushang erhalten.,504,Sparkasse Hameln-Weserbergland,10.300,10.300,0.050,0.010
Von dieser Sparkasse haben wir keinen Preisaushang erhalten.,69,Sparkasse Offenburg/Ortenau,,,,
"Von dieser Sparkasse haben wir keinen Preisaushang erhalten. Die Angaben beziehen sich auf Antworten, die wir per E-Mail erhalten haben oder auf der Website der Sparkasse gefunden haben.",85,Kreissparkasse Saarlouis,10.920,,,
"Von dieser Sparkasse haben wir keinen Preisaushang erhalten. Die Angaben beziehen sich auf Antworten, die wir per E-Mail erhalten haben oder auf der Website der Sparkasse gefunden haben.",96,Sparkasse Zollernalb,9.220,,,
"Von dieser Sparkasse haben wir keinen Preisaushang erhalten. Die Angaben beziehen sich auf Antworten, die wir per E-Mail erhalten haben oder auf der Website der Sparkasse gefunden haben.",101,Kreissparkasse Augsburg,11.100,,,
"Von dieser Sparkasse haben wir keinen Preisaushang erhalten. Die Angaben beziehen sich auf Antworten, die wir per E-Mail erhalten haben oder auf der Website der Sparkasse gefunden haben.",127,Kreissparkasse Rottweil,10.990,,,
"Von dieser Sparkasse haben wir keinen Preisaushang erhalten. Die Angaben beziehen sich auf Antworten, die wir per E-Mail erhalten haben oder auf der Website der Sparkasse gefunden haben.",153,Sparkasse Markgräflerland,11.250,,,
"Von dieser Sparkasse haben wir keinen Preisaushang erhalten. Die Angaben beziehen sich auf Antworten, die wir per E-Mail erhalten haben oder auf der Website der Sparkasse gefunden haben.",161,Sparkasse Neckartal-Odenwald,8.940,13.940,,
Von dieser Sparkasse haben wir keinen Preisaushang erhalten.,164,Sparkasse Waldeck-Frankenberg,,,,nein
Von dieser Sparkasse haben wir keinen Preisaushang erhalten.,171,Kreissparkasse Schwalm-Eder,,,,
Von dieser Sparkasse haben wir keinen Preisaushang erhalten.,177,Sparkasse Bad Hersfeld-Rotenburg,,,,
"Von dieser Sparkasse haben wir keinen Preisaushang erhalten. Die Angaben beziehen sich auf Antworten, die wir per E-Mail erhalten haben oder auf der Website der Sparkasse gefunden haben.",190,Sparkasse im Landkreis Neustadt/Aisch - Bad Windsheim,11.400,,,
"Von dieser Sparkasse haben wir keinen Preisaushang erhalten. Die Angaben beziehen sich auf Antworten, die wir per E-Mail erhalten haben oder auf der Website der Sparkasse gefunden haben.",191,Sparkasse Rotenburg-Bremervörde,9.720,,,
Von dieser Sparkasse haben wir keinen Preisaushang erhalten.,218,Sparkasse Hohenlohekreis,,,,
Von dieser Sparkasse haben wir keinen Preisaushang erhalten.,236,Sparkasse Soest,,,,
"Von dieser Sparkasse haben wir keinen Preisaushang erhalten. Die Angaben beziehen sich auf Antworten, die wir per E-Mail erhalten haben oder auf der Website der Sparkasse gefunden haben.",254,Sparkasse Donnersberg,10.970,,,
"Von dieser Sparkasse haben wir keinen Preisaushang erhalten. Die Angaben beziehen sich auf Antworten, die wir per E-Mail erhalten haben oder auf der Website der Sparkasse gefunden haben.",261,Sparkasse Wittenberg,11.150,,,
"Von dieser Sparkasse haben wir keinen Preisaushang erhalten. Die Angaben beziehen sich auf Antworten, die wir per E-Mail erhalten haben oder auf der Website der Sparkasse gefunden haben.",265,Vereinigte Spk. Eschenbach Neustadt Vohenstrauß,9.120,,,
"Von dieser Sparkasse haben wir keinen Preisaushang erhalten. Die Angaben beziehen sich auf Antworten, die wir per E-Mail erhalten haben oder auf der Website der Sparkasse gefunden haben.",297,Sparkasse Hochschwarzwald,9.550,,,
Von dieser Sparkasse haben wir keinen Preisaushang erhalten.,300,Sparkasse Haslach-Zell,,,,
"Von dieser Sparkasse haben wir keinen Preisaushang erhalten. Die Angaben beziehen sich auf Antworten, die wir per E-Mail erhalten haben oder auf der Website der Sparkasse gefunden haben.",304,Sparkasse Donauwörth,10.900,,,
"Von dieser Sparkasse haben wir keinen Preisaushang erhalten. Die Angaben beziehen sich auf Antworten, die wir per E-Mail erhalten haben oder auf der Website der Sparkasse gefunden haben.",310,Stadtsparkasse Gevelsberg,9.650,,,
Von dieser Sparkasse haben wir keinen Preisaushang erhalten.,311,Sparkasse Engen-Gottmadingen,,,,
Von dieser Sparkasse haben wir keinen Preisaushang erhalten.,314,Bezirkssparkasse Reichenau,,,,
Von dieser Sparkasse haben wir keinen Preisaushang erhalten.,326,Sparkasse Salem-Heiligenberg,,,,
"Von dieser Sparkasse haben wir keinen Preisaushang erhalten. Die Angaben beziehen sich auf Antworten, die wir per E-Mail erhalten haben oder auf der Website der Sparkasse gefunden haben.",332,Kreissparkasse Vulkaneifel,11.250,,,
Von dieser Sparkasse haben wir keinen Preisaushang erhalten.,341,Sparkasse Freyung-Grafenau,,,,
"Von dieser Sparkasse haben wir keinen Preisaushang erhalten. Die Angaben beziehen sich auf Antworten, die wir per E-Mail erhalten haben oder auf der Website der Sparkasse gefunden haben.",342,Sparkasse Werl,9.830,,,
Von dieser Sparkasse haben wir keinen Preisaushang erhalten.,343,Sparkasse Pfullendorf-Messkirch,,,,
"Von dieser Sparkasse haben wir keinen Preisaushang erhalten. Die Angaben beziehen sich auf Antworten, die wir per E-Mail erhalten haben oder auf der Website der Sparkasse gefunden haben.",360,Sparkasse Bergkamen-Bönen,10.900,,,
"Von dieser Sparkasse haben wir keinen Preisaushang erhalten. Die Angaben beziehen sich auf Antworten, die wir per E-Mail erhalten haben oder auf der Website der Sparkasse gefunden haben.",362,Sparkasse Scheeßel,12.750,,,
Von dieser Sparkasse haben wir keinen Preisaushang erhalten.,376,Sparkasse Bonndorf-Stühlingen,,,,
"Von dieser Sparkasse haben wir keinen Preisaushang erhalten. Die Angaben beziehen sich auf Antworten, die wir per E-Mail erhalten haben oder auf der Website der Sparkasse gefunden haben.",377,Stadtsparkasse Schwedt,7.960,12.960,,
Von dieser Sparkasse haben wir keinen Preisaushang erhalten.,378,Sparkasse Gengenbach,,,,
Von dieser Sparkasse haben wir keinen Preisaushang erhalten.,382,Sparkasse Wolfach,,,,
Von dieser Sparkasse haben wir keinen Preisaushang erhalten.,385,Stadtsparkasse Lengerich,,,,
"Von dieser Sparkasse haben wir keinen Preisaushang erhalten. Die Angaben beziehen sich auf Antworten, die wir per E-Mail erhalten haben oder auf der Website der Sparkasse gefunden haben.",395,Sparkasse Schönau-Todtnau,11.450,,,
Von dieser Sparkasse haben wir keinen Preisaushang erhalten.,404,Kreis- und Stadtsparkasse Dinkelsbühl,,,,
Von dieser Sparkasse haben wir keinen Preisaushang erhalten.,408,Sparkasse Hohenwestedt,,,,
Von dieser Sparkasse haben wir keinen Preisaushang erhalten.,409,Sparkasse Laubach-Hungen,,,,nein
"Von dieser Sparkasse haben wir keinen Preisaushang erhalten. Die Angaben beziehen sich auf Antworten, die wir per E-Mail erhalten haben oder auf der Website der Sparkasse gefunden haben.",411,Stadtsparkasse Schwalmstadt,11.250,,,
"Von dieser Sparkasse haben wir keinen Preisaushang erhalten. Die Angaben beziehen sich auf Antworten, die wir per E-Mail erhalten haben oder auf der Website der Sparkasse gefunden haben.",412,Stadtsparkasse Grebenstein,10.700,,,
Von dieser Sparkasse haben wir keinen Preisaushang erhalten.,414,Stadtsparkasse Borken,,,,
Von dieser Sparkasse haben wir keinen Preisaushang erhalten.,415,Stadtsparkasse Felsberg,,,,
